[
  {
    "temperature": 31.67,
    "humidity": 83.62,
    "timestamp": "2025-10-27T19:33:33.206Z",
    "foodId": "1761592837722",
    "foodName": "mangoes",
    "destination": "arizona",
    "currentLocation": "Chennai Port, India",
    "status": "In Transit"
  },
  {
    "temperature": 44.87,
    "humidity": 86.96,
    "timestamp": "2025-10-27T19:33:38.202Z",
    "foodId": "1761591889799",
    "foodName": "banana",
    "destination": "New York, USA",
    "currentLocation": "Mumbai Transit Hub, India",
    "status": "In Transit"
  },
  {
    "temperature": 38.76,
    "humidity": 21.51,
    "timestamp": "2025-10-27T19:33:38.207Z",
    "foodId": "1761592526107",
    "foodName": "carrots",
    "destination": "mumbai, india",
    "currentLocation": "Chennai Port, India",
    "status": "In Transit"
  },
  {
    "temperature": 37.07,
    "humidity": 84.8,
    "timestamp": "2025-10-27T19:33:38.211Z",
    "foodId": "1761592837722",
    "foodName": "mangoes",
    "destination": "arizona",
    "currentLocation": "Delhi Distribution Center, India",
    "status": "In Transit"
  },
  {
    "temperature": 8.67,
    "humidity": 80.11,
    "timestamp": "2025-10-27T19:33:43.202Z",
    "foodId": "1761591889799",
    "foodName": "banana",
    "destination": "New York, USA",
    "currentLocation": "New York JFK Airport, USA",
    "status": "In Transit"
  },
  {
    "temperature": 27.34,
    "humidity": 22.28,
    "timestamp": "2025-10-27T19:33:43.208Z",
    "foodId": "1761592526107",
    "foodName": "carrots",
    "destination": "mumbai, india",
    "currentLocation": "Chennai Port, India",
    "status": "In Transit"
  },
  {
    "temperature": 12.8,
    "humidity": 11.61,
    "timestamp": "2025-10-27T19:33:43.211Z",
    "foodId": "1761592837722",
    "foodName": "mangoes",
    "destination": "arizona",
    "currentLocation": "Mumbai Transit Hub, India",
    "status": "In Transit"
  },
  {
    "temperature": 16.25,
    "humidity": 41.8,
    "timestamp": "2025-10-27T19:33:48.203Z",
    "foodId": "1761591889799",
    "foodName": "banana",
    "destination": "New York, USA",
    "currentLocation": "Cargo Plane - Atlantic Route",
    "status": "In Transit"
  },
  {
    "temperature": 30.05,
    "humidity": 31.68,
    "timestamp": "2025-10-27T19:33:48.204Z",
    "foodId": "1761592526107",
    "foodName": "carrots",
    "destination": "mumbai, india",
    "currentLocation": "Cargo Ship - Arabian Sea",
    "status": "In Transit"
  },
  {
    "temperature": 21.5,
    "humidity": 40.7,
    "timestamp": "2025-10-27T19:33:48.207Z",
    "foodId": "1761592837722",
    "foodName": "mangoes",
    "destination": "arizona",
    "currentLocation": "Delhi Distribution Center, India",
    "status": "In Transit"
  },
  {
    "temperature": 28.55,
    "humidity": 79.64,
    "timestamp": "2025-10-27T19:33:53.205Z",
    "foodId": "1761591889799",
    "foodName": "banana",
    "destination": "New York, USA",
    "currentLocation": "New York JFK Airport, USA",
    "status": "In Transit"
  },
  {
    "temperature": 19.71,
    "humidity": 51.94,
    "timestamp": "2025-10-27T19:33:53.212Z",
    "foodId": "1761592526107",
    "foodName": "carrots",
    "destination": "mumbai, india",
    "currentLocation": "Paris Transit Hub, France",
    "status": "In Transit"
  },
  {
    "temperature": 16.22,
    "humidity": 61.96,
    "timestamp": "2025-10-27T19:33:53.213Z",
    "foodId": "1761592837722",
    "foodName": "mangoes",
    "destination": "arizona",
    "currentLocation": "New York Distribution Center, USA",
    "status": "In Transit"
  },
  {
    "temperature": 17.24,
    "humidity": 61.26,
    "timestamp": "2025-10-27T19:33:58.205Z",
    "foodId": "1761591889799",
    "foodName": "banana",
    "destination": "New York, USA",
    "currentLocation": "New York JFK Airport, USA",
    "status": "In Transit"
  },
  {
    "temperature": 10.22,
    "humidity": 16.44,
    "timestamp": "2025-10-27T19:33:58.205Z",
    "foodId": "1761592526107",
    "foodName": "carrots",
    "destination": "mumbai, india",
    "currentLocation": "Cargo Plane - Middle East Route",
    "status": "In Transit"
  },
  {
    "temperature": 5.12,
    "humidity": 89.22,
    "timestamp": "2025-10-27T19:33:58.208Z",
    "foodId": "1761592837722",
    "foodName": "mangoes",
    "destination": "arizona",
    "currentLocation": "New York JFK Airport, USA",
    "status": "In Transit"
  },
  {
    "temperature": 17.61,
    "humidity": 55.54,
    "timestamp": "2025-10-27T19:34:03.207Z",
    "foodId": "1761591889799",
    "foodName": "banana",
    "destination": "New York, USA",
    "currentLocation": "Dubai Transit Port, UAE",
    "status": "In Transit"
  },
  {
    "temperature": 22.69,
    "humidity": 45.8,
    "timestamp": "2025-10-27T19:34:03.209Z",
    "foodId": "1761592526107",
    "foodName": "carrots",
    "destination": "mumbai, india",
    "currentLocation": "Cargo Ship - Arabian Sea",
    "status": "In Transit"
  },
  {
    "temperature": 22.39,
    "humidity": 68.58,
    "timestamp": "2025-10-27T19:34:03.210Z",
    "foodId": "1761592837722",
    "foodName": "mangoes",
    "destination": "arizona",
    "currentLocation": "Warehouse, Chennai, India",
    "status": "In Transit"
  },
  {
    "temperature": 18.36,
    "humidity": 40.4,
    "timestamp": "2025-10-27T19:34:08.208Z",
    "foodId": "1761591889799",
    "foodName": "banana",
    "destination": "New York, USA",
    "currentLocation": "Warehouse, Chennai, India",
    "status": "In Transit"
  },
  {
    "temperature": 28.12,
    "humidity": 76.92,
    "timestamp": "2025-10-27T19:34:08.210Z",
    "foodId": "1761592526107",
    "foodName": "carrots",
    "destination": "mumbai, india",
    "currentLocation": "International Airport, Delhi, India",
    "status": "In Transit"
  },
  {
    "temperature": 13.33,
    "humidity": 38.54,
    "timestamp": "2025-10-27T19:34:08.217Z",
    "foodId": "1761592837722",
    "foodName": "mangoes",
    "destination": "arizona",
    "currentLocation": "Mumbai Transit Hub, India",
    "status": "In Transit"
  },
  {
    "temperature": 34.75,
    "humidity": 15.13,
    "timestamp": "2025-10-27T19:34:13.209Z",
    "foodId": "1761591889799",
    "foodName": "banana",
    "destination": "New York, USA",
    "currentLocation": "Cargo Ship - Arabian Sea",
    "status": "In Transit"
  },
  {
    "temperature": 16.28,
    "humidity": 48.71,
    "timestamp": "2025-10-27T19:34:13.215Z",
    "foodId": "1761592526107",
    "foodName": "carrots",
    "destination": "mumbai, india",
    "currentLocation": "New York Distribution Center, USA",
    "status": "In Transit"
  },
  {
    "temperature": 23.3,
    "humidity": 69.54,
    "timestamp": "2025-10-27T19:34:13.215Z",
    "foodId": "1761592837722",
    "foodName": "mangoes",
    "destination": "arizona",
    "currentLocation": "Warehouse, Chennai, India",
    "status": "In Transit"
  },
  {
    "temperature": 16.54,
    "humidity": 49.35,
    "timestamp": "2025-10-27T19:34:18.209Z",
    "foodId": "1761591889799",
    "foodName": "banana",
    "destination": "New York, USA",
    "currentLocation": "Cargo Plane - Atlantic Route",
    "status": "In Transit"
  },
  {
    "temperature": 12.02,
    "humidity": 23.73,
    "timestamp": "2025-10-27T19:34:18.211Z",
    "foodId": "1761592526107",
    "foodName": "carrots",
    "destination": "mumbai, india",
    "currentLocation": "Dubai Transit Port, UAE",
    "status": "In Transit"
  },
  {
    "temperature": 7.1,
    "humidity": 84.82,
    "timestamp": "2025-10-27T19:34:18.215Z",
    "foodId": "1761592837722",
    "foodName": "mangoes",
    "destination": "arizona",
    "currentLocation": "New York Distribution Center, USA",
    "status": "In Transit"
  },
  {
    "temperature": 44.43,
    "humidity": 71.7,
    "timestamp": "2025-10-27T19:34:23.210Z",
    "foodId": "1761591889799",
    "foodName": "banana",
    "destination": "New York, USA",
    "currentLocation": "Warehouse, Chennai, India",
    "status": "In Transit"
  },
  {
    "temperature": 35.8,
    "humidity": 32.84,
    "timestamp": "2025-10-27T19:34:23.216Z",
    "foodId": "1761592526107",
    "foodName": "carrots",
    "destination": "mumbai, india",
    "currentLocation": "Warehouse, Chennai, India",
    "status": "In Transit"
  },
  {
    "temperature": 17.91,
    "humidity": 49.19,
    "timestamp": "2025-10-27T19:34:23.219Z",
    "foodId": "1761592837722",
    "foodName": "mangoes",
    "destination": "arizona",
    "currentLocation": "Paris Transit Hub, France",
    "status": "In Transit"
  },
  {
    "temperature": 16.75,
    "humidity": 49.37,
    "timestamp": "2025-10-27T19:34:28.211Z",
    "foodId": "1761591889799",
    "foodName": "banana",
    "destination": "New York, USA",
    "currentLocation": "New York JFK Airport, USA",
    "status": "In Transit"
  },
  {
    "temperature": 21.99,
    "humidity": 48.69,
    "timestamp": "2025-10-27T19:34:28.213Z",
    "foodId": "1761592526107",
    "foodName": "carrots",
    "destination": "mumbai, india",
    "currentLocation": "Delhi Distribution Center, India",
    "status": "In Transit"
  },
  {
    "temperature": 20.81,
    "humidity": 60.36,
    "timestamp": "2025-10-27T19:34:28.214Z",
    "foodId": "1761592837722",
    "foodName": "mangoes",
    "destination": "arizona",
    "currentLocation": "International Airport, Delhi, India",
    "status": "In Transit"
  },
  {
    "temperature": 35.68,
    "humidity": 14.19,
    "timestamp": "2025-10-27T19:34:33.213Z",
    "foodId": "1761591889799",
    "foodName": "banana",
    "destination": "New York, USA",
    "currentLocation": "Cargo Plane - Atlantic Route",
    "status": "In Transit"
  },
  {
    "temperature": 15.64,
    "humidity": 51.77,
    "timestamp": "2025-10-27T19:34:33.218Z",
    "foodId": "1761592526107",
    "foodName": "carrots",
    "destination": "mumbai, india",
    "currentLocation": "Chennai Port, India",
    "status": "In Transit"
  },
  {
    "temperature": 5.37,
    "humidity": 87.2,
    "timestamp": "2025-10-27T19:34:33.218Z",
    "foodId": "1761592837722",
    "foodName": "mangoes",
    "destination": "arizona",
    "currentLocation": "Warehouse, Chennai, India",
    "status": "In Transit"
  },
  {
    "temperature": 19.67,
    "humidity": 68.41,
    "timestamp": "2025-10-27T19:34:38.214Z",
    "foodId": "1761591889799",
    "foodName": "banana",
    "destination": "New York, USA",
    "currentLocation": "Chennai Port, India",
    "status": "In Transit"
  },
  {
    "temperature": 20.74,
    "humidity": 69.69,
    "timestamp": "2025-10-27T19:34:38.215Z",
    "foodId": "1761592526107",
    "foodName": "carrots",
    "destination": "mumbai, india",
    "currentLocation": "New York Distribution Center, USA",
    "status": "In Transit"
  },
  {
    "temperature": 20.15,
    "humidity": 47.09,
    "timestamp": "2025-10-27T19:34:38.216Z",
    "foodId": "1761592837722",
    "foodName": "mangoes",
    "destination": "arizona",
    "currentLocation": "Cargo Ship - Arabian Sea",
    "status": "In Transit"
  },
  {
    "temperature": 15.97,
    "humidity": 51.16,
    "timestamp": "2025-10-27T19:34:43.215Z",
    "foodId": "1761591889799",
    "foodName": "banana",
    "destination": "New York, USA",
    "currentLocation": "Cargo Ship - Arabian Sea",
    "status": "In Transit"
  },
  {
    "temperature": 8.09,
    "humidity": 17.74,
    "timestamp": "2025-10-27T19:34:43.216Z",
    "foodId": "1761592526107",
    "foodName": "carrots",
    "destination": "mumbai, india",
    "currentLocation": "London Heathrow Airport, UK",
    "status": "In Transit"
  },
  {
    "temperature": 14.76,
    "humidity": 30.1,
    "timestamp": "2025-10-27T19:34:43.221Z",
    "foodId": "1761592837722",
    "foodName": "mangoes",
    "destination": "arizona",
    "currentLocation": "Mumbai Transit Hub, India",
    "status": "In Transit"
  },
  {
    "temperature": 8.47,
    "humidity": 14.99,
    "timestamp": "2025-10-27T19:34:48.216Z",
    "foodId": "1761591889799",
    "foodName": "banana",
    "destination": "New York, USA",
    "currentLocation": "Chennai Port, India",
    "status": "In Transit"
  },
  {
    "temperature": 17.39,
    "humidity": 48.56,
    "timestamp": "2025-10-27T19:34:48.221Z",
    "foodId": "1761592526107",
    "foodName": "carrots",
    "destination": "mumbai, india",
    "currentLocation": "New York JFK Airport, USA",
    "status": "In Transit"
  },
  {
    "temperature": 39.67,
    "humidity": 86.15,
    "timestamp": "2025-10-27T19:34:48.222Z",
    "foodId": "1761592837722",
    "foodName": "mangoes",
    "destination": "arizona",
    "currentLocation": "International Airport, Delhi, India",
    "status": "In Transit"
  },
  {
    "temperature": 9.12,
    "humidity": 32.41,
    "timestamp": "2025-10-27T19:34:53.217Z",
    "foodId": "1761591889799",
    "foodName": "banana",
    "destination": "New York, USA",
    "currentLocation": "Chennai Port, India",
    "status": "In Transit"
  },
  {
    "temperature": 21.95,
    "humidity": 69.54,
    "timestamp": "2025-10-27T19:34:53.221Z",
    "foodId": "1761592526107",
    "foodName": "carrots",
    "destination": "mumbai, india",
    "currentLocation": "Dubai Transit Port, UAE",
    "status": "In Transit"
  },
  {
    "temperature": 43.18,
    "humidity": 83.62,
    "timestamp": "2025-10-27T19:34:53.222Z",
    "foodId": "1761592837722",
    "foodName": "mangoes",
    "destination": "arizona",
    "currentLocation": "New York JFK Airport, USA",
    "status": "In Transit"
  },
  {
    "temperature": 5.34,
    "humidity": 85.26,
    "timestamp": "2025-10-27T19:34:58.218Z",
    "foodId": "1761591889799",
    "foodName": "banana",
    "destination": "New York, USA",
    "currentLocation": "Mumbai Transit Hub, India",
    "status": "In Transit"
  },
  {
    "temperature": 20.06,
    "humidity": 64.86,
    "timestamp": "2025-10-27T19:34:58.222Z",
    "foodId": "1761592526107",
    "foodName": "carrots",
    "destination": "mumbai, india",
    "currentLocation": "Warehouse, Chennai, India",
    "status": "In Transit"
  },
  {
    "temperature": 35,
    "humidity": 89.19,
    "timestamp": "2025-10-27T19:34:58.223Z",
    "foodId": "1761592837722",
    "foodName": "mangoes",
    "destination": "arizona",
    "currentLocation": "Chennai Port, India",
    "status": "In Transit"
  },
  {
    "temperature": 16.7,
    "humidity": 68.65,
    "timestamp": "2025-10-27T19:35:03.220Z",
    "foodId": "1761591889799",
    "foodName": "banana",
    "destination": "New York, USA",
    "currentLocation": "Dubai Transit Port, UAE",
    "status": "In Transit"
  },
  {
    "temperature": 15.57,
    "humidity": 41.81,
    "timestamp": "2025-10-27T19:35:03.221Z",
    "foodId": "1761592526107",
    "foodName": "carrots",
    "destination": "mumbai, india",
    "currentLocation": "International Airport, Delhi, India",
    "status": "In Transit"
  },
  {
    "temperature": 15.13,
    "humidity": 60.69,
    "timestamp": "2025-10-27T19:35:03.222Z",
    "foodId": "1761592837722",
    "foodName": "mangoes",
    "destination": "arizona",
    "currentLocation": "New York Distribution Center, USA",
    "status": "In Transit"
  },
  {
    "temperature": 14.01,
    "humidity": 84.72,
    "timestamp": "2025-10-27T19:35:08.220Z",
    "foodId": "1761591889799",
    "foodName": "banana",
    "destination": "New York, USA",
    "currentLocation": "Cargo Ship - Arabian Sea",
    "status": "In Transit"
  },
  {
    "temperature": 43.94,
    "humidity": 21.64,
    "timestamp": "2025-10-27T19:35:08.222Z",
    "foodId": "1761592526107",
    "foodName": "carrots",
    "destination": "mumbai, india",
    "currentLocation": "London Heathrow Airport, UK",
    "status": "In Transit"
  },
  {
    "temperature": 16.61,
    "humidity": 44.45,
    "timestamp": "2025-10-27T19:35:08.225Z",
    "foodId": "1761592837722",
    "foodName": "mangoes",
    "destination": "arizona",
    "currentLocation": "Warehouse, Chennai, India",
    "status": "In Transit"
  },
  {
    "temperature": 28.56,
    "humidity": 17.35,
    "timestamp": "2025-10-27T19:35:13.221Z",
    "foodId": "1761591889799",
    "foodName": "banana",
    "destination": "New York, USA",
    "currentLocation": "Warehouse, Chennai, India",
    "status": "In Transit"
  },
  {
    "temperature": 21.95,
    "humidity": 42.88,
    "timestamp": "2025-10-27T19:35:13.227Z",
    "foodId": "1761592526107",
    "foodName": "carrots",
    "destination": "mumbai, india",
    "currentLocation": "New York Distribution Center, USA",
    "status": "In Transit"
  },
  {
    "temperature": 44.06,
    "humidity": 14.25,
    "timestamp": "2025-10-27T19:35:13.228Z",
    "foodId": "1761592837722",
    "foodName": "mangoes",
    "destination": "arizona",
    "currentLocation": "Paris Transit Hub, France",
    "status": "In Transit"
  },
  {
    "temperature": 12.44,
    "humidity": 10.44,
    "timestamp": "2025-10-27T19:35:18.222Z",
    "foodId": "1761591889799",
    "foodName": "banana",
    "destination": "New York, USA",
    "currentLocation": "International Airport, Delhi, India",
    "status": "In Transit"
  },
  {
    "temperature": 11.61,
    "humidity": 85.03,
    "timestamp": "2025-10-27T19:35:18.225Z",
    "foodId": "1761592526107",
    "foodName": "carrots",
    "destination": "mumbai, india",
    "currentLocation": "London Distribution Center, UK",
    "status": "In Transit"
  },
  {
    "temperature": 29.64,
    "humidity": 19.22,
    "timestamp": "2025-10-27T19:35:18.227Z",
    "foodId": "1761592837722",
    "foodName": "mangoes",
    "destination": "arizona",
    "currentLocation": "New York JFK Airport, USA",
    "status": "In Transit"
  },
  {
    "temperature": 7.9,
    "humidity": 29.27,
    "timestamp": "2025-10-27T19:35:23.223Z",
    "foodId": "1761591889799",
    "foodName": "banana",
    "destination": "New York, USA",
    "currentLocation": "Dubai Transit Port, UAE",
    "status": "In Transit"
  },
  {
    "temperature": 24.46,
    "humidity": 42.53,
    "timestamp": "2025-10-27T19:35:23.228Z",
    "foodId": "1761592526107",
    "foodName": "carrots",
    "destination": "mumbai, india",
    "currentLocation": "London Heathrow Airport, UK",
    "status": "In Transit"
  },
  {
    "temperature": 20.37,
    "humidity": 53.27,
    "timestamp": "2025-10-27T19:35:23.229Z",
    "foodId": "1761592837722",
    "foodName": "mangoes",
    "destination": "arizona",
    "currentLocation": "International Airport, Delhi, India",
    "status": "In Transit"
  },
  {
    "temperature": 44.95,
    "humidity": 36.17,
    "timestamp": "2025-10-27T19:35:28.225Z",
    "foodId": "1761591889799",
    "foodName": "banana",
    "destination": "New York, USA",
    "currentLocation": "Cargo Ship - Arabian Sea",
    "status": "In Transit"
  },
  {
    "temperature": 19.55,
    "humidity": 55.75,
    "timestamp": "2025-10-27T19:35:28.230Z",
    "foodId": "1761592526107",
    "foodName": "carrots",
    "destination": "mumbai, india",
    "currentLocation": "International Airport, Delhi, India",
    "status": "In Transit"
  },
  {
    "temperature": 26.97,
    "humidity": 77.22,
    "timestamp": "2025-10-27T19:35:28.231Z",
    "foodId": "1761592837722",
    "foodName": "mangoes",
    "destination": "arizona",
    "currentLocation": "New York JFK Airport, USA",
    "status": "In Transit"
  },
  {
    "temperature": 19.85,
    "humidity": 40.78,
    "timestamp": "2025-10-27T19:35:33.226Z",
    "foodId": "1761591889799",
    "foodName": "banana",
    "destination": "New York, USA",
    "currentLocation": "Mumbai Transit Hub, India",
    "status": "In Transit"
  },
  {
    "temperature": 23.21,
    "humidity": 48.55,
    "timestamp": "2025-10-27T19:35:33.227Z",
    "foodId": "1761592526107",
    "foodName": "carrots",
    "destination": "mumbai, india",
    "currentLocation": "Warehouse, Chennai, India",
    "status": "In Transit"
  },
  {
    "temperature": 36.92,
    "humidity": 88.6,
    "timestamp": "2025-10-27T19:35:33.228Z",
    "foodId": "1761592837722",
    "foodName": "mangoes",
    "destination": "arizona",
    "currentLocation": "New York Distribution Center, USA",
    "status": "In Transit"
  },
  {
    "temperature": 28.22,
    "humidity": 17.23,
    "timestamp": "2025-10-27T19:35:38.227Z",
    "foodId": "1761591889799",
    "foodName": "banana",
    "destination": "New York, USA",
    "currentLocation": "New York Distribution Center, USA",
    "status": "In Transit"
  },
  {
    "temperature": 20.67,
    "humidity": 40.69,
    "timestamp": "2025-10-27T19:35:38.231Z",
    "foodId": "1761592526107",
    "foodName": "carrots",
    "destination": "mumbai, india",
    "currentLocation": "Dubai Transit Port, UAE",
    "status": "In Transit"
  },
  {
    "temperature": 11.63,
    "humidity": 73.92,
    "timestamp": "2025-10-27T19:35:38.232Z",
    "foodId": "1761592837722",
    "foodName": "mangoes",
    "destination": "arizona",
    "currentLocation": "New York Distribution Center, USA",
    "status": "In Transit"
  },
  {
    "temperature": 23.07,
    "humidity": 49.9,
    "timestamp": "2025-10-27T19:35:43.228Z",
    "foodId": "1761591889799",
    "foodName": "banana",
    "destination": "New York, USA",
    "currentLocation": "Dubai Transit Port, UAE",
    "status": "In Transit"
  },
  {
    "temperature": 34.58,
    "humidity": 30.61,
    "timestamp": "2025-10-27T19:35:43.230Z",
    "foodId": "1761592526107",
    "foodName": "carrots",
    "destination": "mumbai, india",
    "currentLocation": "London Heathrow Airport, UK",
    "status": "In Transit"
  },
  {
    "temperature": 17.52,
    "humidity": 63.98,
    "timestamp": "2025-10-27T19:35:43.238Z",
    "foodId": "1761592837722",
    "foodName": "mangoes",
    "destination": "arizona",
    "currentLocation": "International Airport, Delhi, India",
    "status": "In Transit"
  },
  {
    "temperature": 5.68,
    "humidity": 76.02,
    "timestamp": "2025-10-27T19:35:48.229Z",
    "foodId": "1761591889799",
    "foodName": "banana",
    "destination": "New York, USA",
    "currentLocation": "Cargo Ship - Arabian Sea",
    "status": "In Transit"
  },
  {
    "temperature": 35.41,
    "humidity": 81.37,
    "timestamp": "2025-10-27T19:35:48.234Z",
    "foodId": "1761592526107",
    "foodName": "carrots",
    "destination": "mumbai, india",
    "currentLocation": "London Distribution Center, UK",
    "status": "In Transit"
  },
  {
    "temperature": 42.84,
    "humidity": 38.64,
    "timestamp": "2025-10-27T19:35:48.238Z",
    "foodId": "1761592837722",
    "foodName": "mangoes",
    "destination": "arizona",
    "currentLocation": "Cargo Ship - Arabian Sea",
    "status": "In Transit"
  },
  {
    "temperature": 25.79,
    "humidity": 21.75,
    "timestamp": "2025-10-27T19:35:53.231Z",
    "foodId": "1761591889799",
    "foodName": "banana",
    "destination": "New York, USA",
    "currentLocation": "International Airport, Delhi, India",
    "status": "In Transit"
  },
  {
    "temperature": 18.26,
    "humidity": 66.31,
    "timestamp": "2025-10-27T19:35:53.237Z",
    "foodId": "1761592526107",
    "foodName": "carrots",
    "destination": "mumbai, india",
    "currentLocation": "Warehouse, Chennai, India",
    "status": "In Transit"
  },
  {
    "temperature": 32.27,
    "humidity": 11.56,
    "timestamp": "2025-10-27T19:35:53.238Z",
    "foodId": "1761592837722",
    "foodName": "mangoes",
    "destination": "arizona",
    "currentLocation": "Delhi Distribution Center, India",
    "status": "In Transit"
  },
  {
    "temperature": 25.67,
    "humidity": 75.81,
    "timestamp": "2025-10-27T19:35:58.232Z",
    "foodId": "1761591889799",
    "foodName": "banana",
    "destination": "New York, USA",
    "currentLocation": "Dubai Transit Port, UAE",
    "status": "In Transit"
  },
  {
    "temperature": 17.57,
    "humidity": 51.99,
    "timestamp": "2025-10-27T19:35:58.239Z",
    "foodId": "1761592526107",
    "foodName": "carrots",
    "destination": "mumbai, india",
    "currentLocation": "Delhi Distribution Center, India",
    "status": "In Transit"
  },
  {
    "temperature": 13.53,
    "humidity": 17.78,
    "timestamp": "2025-10-27T19:35:58.239Z",
    "foodId": "1761592837722",
    "foodName": "mangoes",
    "destination": "arizona",
    "currentLocation": "Dubai Transit Port, UAE",
    "status": "In Transit"
  },
  {
    "temperature": 17.69,
    "humidity": 65.66,
    "timestamp": "2025-10-27T19:36:03.233Z",
    "foodId": "1761591889799",
    "foodName": "banana",
    "destination": "New York, USA",
    "currentLocation": "New York JFK Airport, USA",
    "status": "In Transit"
  },
  {
    "temperature": 28.83,
    "humidity": 25.74,
    "timestamp": "2025-10-27T19:36:03.233Z",
    "foodId": "1761592526107",
    "foodName": "carrots",
    "destination": "mumbai, india",
    "currentLocation": "Paris Transit Hub, France",
    "status": "In Transit"
  },
  {
    "temperature": 22.67,
    "humidity": 57.04,
    "timestamp": "2025-10-27T19:36:03.242Z",
    "foodId": "1761592837722",
    "foodName": "mangoes",
    "destination": "arizona",
    "currentLocation": "International Airport, Delhi, India",
    "status": "In Transit"
  },
  {
    "temperature": 13.02,
    "humidity": 88.88,
    "timestamp": "2025-10-27T19:36:08.235Z",
    "foodId": "1761591889799",
    "foodName": "banana",
    "destination": "New York, USA",
    "currentLocation": "Chennai Port, India",
    "status": "In Transit"
  },
  {
    "temperature": 38.6,
    "humidity": 34.28,
    "timestamp": "2025-10-27T19:36:08.239Z",
    "foodId": "1761592526107",
    "foodName": "carrots",
    "destination": "mumbai, india",
    "currentLocation": "Cargo Plane - Middle East Route",
    "status": "In Transit"
  },
  {
    "temperature": 37.37,
    "humidity": 16.4,
    "timestamp": "2025-10-27T19:36:08.241Z",
    "foodId": "1761592837722",
    "foodName": "mangoes",
    "destination": "arizona",
    "currentLocation": "Chennai Port, India",
    "status": "In Transit"
  },
  {
    "temperature": 13.15,
    "humidity": 32.67,
    "timestamp": "2025-10-27T19:36:13.237Z",
    "foodId": "1761591889799",
    "foodName": "banana",
    "destination": "New York, USA",
    "currentLocation": "Mumbai Transit Hub, India",
    "status": "In Transit"
  },
  {
    "temperature": 23.33,
    "humidity": 64.69,
    "timestamp": "2025-10-27T19:36:13.242Z",
    "foodId": "1761592526107",
    "foodName": "carrots",
    "destination": "mumbai, india",
    "currentLocation": "International Airport, Delhi, India",
    "status": "In Transit"
  },
  {
    "temperature": 15.84,
    "humidity": 45.46,
    "timestamp": "2025-10-27T19:36:13.243Z",
    "foodId": "1761592837722",
    "foodName": "mangoes",
    "destination": "arizona",
    "currentLocation": "New York JFK Airport, USA",
    "status": "In Transit"
  },
  {
    "temperature": 17.44,
    "humidity": 47.79,
    "timestamp": "2025-10-27T19:36:18.238Z",
    "foodId": "1761591889799",
    "foodName": "banana",
    "destination": "New York, USA",
    "currentLocation": "Chennai Port, India",
    "status": "In Transit"
  },
  {
    "temperature": 41.44,
    "humidity": 78.89,
    "timestamp": "2025-10-27T19:36:18.239Z",
    "foodId": "1761592526107",
    "foodName": "carrots",
    "destination": "mumbai, india",
    "currentLocation": "Paris Transit Hub, France",
    "status": "In Transit"
  },
  {
    "temperature": 21.11,
    "humidity": 48.8,
    "timestamp": "2025-10-27T19:36:18.241Z",
    "foodId": "1761592837722",
    "foodName": "mangoes",
    "destination": "arizona",
    "currentLocation": "Mumbai Transit Hub, India",
    "status": "In Transit"
  }
]