[
  {
    "id": "1761585050390",
    "name": "sasii friend",
    "email": "sasi17@gmail.com",
    "password": "$2b$10$a9agfm5jLPEin7l1zB063eoHHoO9yx1JsmiD.dTYMbK0ZP2JTt6kO",
    "createdAt": "2025-10-27T17:10:50.390Z"
  },
  {
    "id": "1761586649119",
    "name": "charan 06",
    "email": "charan06@gmail.com",
    "password": "$2b$10$jMvLLA/G6KEZ8fUCsUo4cuWNUaltX3iFY7TPB3wLrP2My3wFdmLAi",
    "createdAt": "2025-10-27T17:37:29.119Z"
  },
  {
    "id": "1761589794022",
    "name": "Test User",
    "email": "test@example.com",
    "password": "$2b$10$E5xplCi/Ze9zKTXEzw5/b.8o8lbuMq0gsiJFqIs04uLwv2kuRcD.u",
    "createdAt": "2025-10-27T18:29:54.022Z"
  },
  {
    "id": "1761590092499",
    "name": "New Test User",
    "email": "newtest@example.com",
    "password": "$2b$10$nonVZ9zS8odaIPBg9nuEdOJ1/NkVwBCGTJxVIumXCNahnxDFtmTQi",
    "createdAt": "2025-10-27T18:34:52.499Z"
  },
  {
    "id": "1761593022947",
    "name": "jaanu08",
    "email": "jaanu08@gmail.com",
    "password": "$2b$10$j6nWHWU8mx0vIfLnDepkUuUBYThFQNoz40fMbL40UxogOuueJs9J6",
    "createdAt": "2025-10-27T19:23:42.947Z"
  }
]